1|1|14/03/2024|16/03/2024|3|3|1|Active
2|2|15/03/2024|17/03/2024|3|2|1|Active
3|2|24/03/2024|26/03/2024|3|4|1|Active
4|3|21/03/2024|25/03/2024|5|2|1|Active
5|4|26/03/2024|29/03/2024|4|3|1|Active
6|5|22/03/2024|23/03/2024|2|1|1|Active
7|5|24/03/2024|26/03/2024|3|2|1|Active
8|6|29/03/2024|03/04/2024|6|4|1|Active
9|7|24/03/2024|28/03/2024|3|4|1|Active
10|7|24/04/2024|25/04/2024|3|5|1|Active
11|2|30/03/2024|03/04/2024|5|3|1|Active
12|8|26/03/2024|28/03/2024|3|2|1|Active
13|1|25/03/2024|28/03/2024|4|3|1|Active
14|1|21/03/2024|23/03/2024|3|2|1|Active
15|1|10/04/2024|12/04/2024|3|3|1|Active
16|2|02/05/2024|04/05/2024|3|2|1|Canceled
17|2|14/04/2024|16/04/2024|3|3|1|Canceled
18|2|15/04/2024|17/04/2024|3|2|1|Canceled
19|2|19/04/2024|21/04/2024|2|2|1|Active
20|7|26/04/2024|27/04/2024|1|5|1|Active
21|2|07/04/2024|09/04/2024|3|3|1|Active
22|2|14/04/2024|16/04/2024|3|3|1|Active
23|1|21/04/2024|25/04/2024|5|3|1|Canceled
24|11|01/05/2024|03/05/2024|3|4|1|Canceled
25|9|10/05/2024|12/05/2024|2|2|1|Canceled
26|1|02/05/2024|03/05/2024|1|2|1|Active
27|2|04/05/2024|07/05/2024|4|3|1|Active
28|10|12/05/2024|15/05/2024|4|2|1|Canceled
29|4|11/05/2024|14/05/2024|4|2|1|Canceled
30|1|18/05/2024|20/05/2024|3|3|1|Active
